Feature,LOOCV AUC
shortA439,0.7349953831948292
shortA45,0.7303785780240074
shortA288,0.7276084949215142
shortA213,0.7266851338873499
shortA396,0.7248384118190212
shortA52,0.723915050784857
shortA359,0.7239150507848569
shortA121,0.7239150507848569
shortA487,0.7229916897506925
shortA244,0.7220683287165282
shortA112,0.7211449676823638
shortA289,0.7211449676823638
shortA420,0.7211449676823638
shortA422,0.7211449676823638
shortA58,0.7211449676823638
shortA55,0.7202216066481995
shortA268,0.7202216066481995
shortA180,0.7202216066481995
shortA255,0.7202216066481995
shortA376,0.7192982456140351
shortA246,0.7192982456140351
shortA528,0.7192982456140351
shortA286,0.7192982456140351
shortA469,0.7192982456140351
shortA198,0.7192982456140351
shortA327,0.7183748845798708
shortA90,0.7183748845798708
shortA267,0.7183748845798708
shortA30,0.7183748845798708
shortA247,0.7183748845798708
shortA411,0.7183748845798708
shortA257,0.7174515235457064
shortA214,0.7174515235457064
shortA164,0.7174515235457064
shortA120,0.7174515235457064
shortA523,0.7174515235457064
shortA40,0.7174515235457064
shortA290,0.7174515235457064
shortA59,0.7174515235457064
shortA280,0.7174515235457064
shortA28,0.7174515235457064
shortA281,0.7174515235457064
shortA291,0.7174515235457063
shortA284,0.7174515235457063
shortA212,0.716528162511542
shortA270,0.716528162511542
shortA177,0.716528162511542
shortA205,0.716528162511542
shortA119,0.716528162511542
shortA265,0.716528162511542
shortA118,0.716528162511542
shortA485,0.716528162511542
shortA159,0.716528162511542
shortA34,0.716528162511542
shortA42,0.716528162511542
shortA63,0.7165281625115419
shortA122,0.7156048014773777
shortA251,0.7156048014773777
shortA248,0.7156048014773777
shortA416,0.7156048014773777
shortA29,0.7156048014773777
shortA380,0.7156048014773777
shortA537,0.7156048014773777
shortA75,0.7156048014773776
shortA226,0.7156048014773776
shortA476,0.7146814404432134
shortA394,0.7146814404432134
shortA187,0.7146814404432134
shortA436,0.7146814404432134
shortA484,0.7146814404432134
shortA250,0.7146814404432134
shortA438,0.7146814404432134
shortA117,0.7146814404432134
shortA346,0.7146814404432134
shortA292,0.7146814404432134
shortA326,0.7146814404432134
shortA25,0.7146814404432134
shortA37,0.7146814404432134
shortA60,0.7146814404432132
shortA156,0.713758079409049
shortA210,0.713758079409049
shortA277,0.713758079409049
shortA501,0.713758079409049
shortA41,0.713758079409049
shortA314,0.713758079409049
shortA211,0.713758079409049
shortA13,0.713758079409049
shortA338,0.713758079409049
shortA173,0.7137580794090489
shortA142,0.7137580794090489
shortA432,0.7137580794090489
shortA377,0.7137580794090489
shortA36,0.7137580794090489
shortA378,0.7128347183748847
shortA129,0.7128347183748847
shortA536,0.7128347183748847
shortA54,0.7128347183748847
shortA526,0.7128347183748845
shortA216,0.7128347183748845
shortA332,0.7128347183748845
shortA521,0.7128347183748845
shortA315,0.7128347183748845
shortA296,0.7128347183748845
shortA452,0.7128347183748845
shortA466,0.7128347183748845
shortA433,0.7128347183748845
shortA27,0.7128347183748845
shortA429,0.7128347183748845
shortA294,0.7128347183748845
shortA515,0.7119113573407203
shortA262,0.7119113573407203
shortA415,0.7119113573407203
shortA486,0.7119113573407203
shortA534,0.7119113573407203
shortA362,0.7119113573407202
shortA386,0.7119113573407202
shortA401,0.7119113573407202
shortA519,0.7119113573407202
shortA325,0.7119113573407202
shortA256,0.7119113573407202
shortA181,0.7119113573407202
shortA481,0.7119113573407202
shortA32,0.7119113573407201
shortA195,0.710987996306556
shortA225,0.710987996306556
shortA189,0.710987996306556
shortA133,0.710987996306556
shortA385,0.710987996306556
shortA201,0.7109879963065558
shortA374,0.7109879963065558
shortA310,0.7109879963065558
shortA80,0.7109879963065558
shortA502,0.7109879963065558
shortA68,0.7109879963065558
shortA293,0.7109879963065558
shortA478,0.7109879963065558
shortA73,0.7109879963065558
shortA12,0.7109879963065558
shortA137,0.7109879963065558
shortA419,0.7109879963065558
shortA384,0.7109879963065558
shortA14,0.7109879963065558
shortA197,0.7109879963065558
shortA301,0.7109879963065558
shortA437,0.7109879963065558
shortA269,0.7100646352723916
shortA19,0.7100646352723915
shortA193,0.7100646352723915
longA439,0.7100646352723915
shortA21,0.7100646352723915
shortA11,0.7100646352723915
shortA287,0.7100646352723915
shortA482,0.7100646352723915
shortA31,0.7100646352723915
shortA79,0.7100646352723915
shortA448,0.7100646352723915
shortA89,0.7100646352723915
shortA408,0.7100646352723915
shortA372,0.7100646352723915
shortA100,0.7100646352723915
shortA493,0.7100646352723915
shortA57,0.7100646352723915
shortA405,0.7100646352723915
shortA161,0.7100646352723915
shortA395,0.7100646352723915
shortA240,0.7100646352723915
shortA324,0.7100646352723915
shortA238,0.7100646352723915
shortA308,0.7100646352723915
shortA82,0.7091412742382271
shortA347,0.7091412742382271
shortA491,0.7091412742382271
shortA236,0.7091412742382271
shortA237,0.7091412742382271
shortA479,0.7091412742382271
shortA285,0.7091412742382271
shortA2,0.7091412742382271
shortA435,0.7091412742382271
shortA3,0.7091412742382271
shortA96,0.7091412742382271
shortA166,0.7091412742382271
shortA480,0.7091412742382271
shortA224,0.7091412742382271
shortA443,0.7091412742382271
shortA56,0.7091412742382271
shortA15,0.7091412742382271
shortA176,0.7091412742382271
shortA175,0.7091412742382271
shortA297,0.7091412742382271
shortA125,0.7091412742382271
shortA134,0.7091412742382271
shortA49,0.709141274238227
shortA387,0.709141274238227
shortA231,0.7082179132040628
shortA328,0.7082179132040628
shortA304,0.7082179132040628
shortA341,0.7082179132040628
shortA425,0.7082179132040628
shortA381,0.7082179132040628
shortA38,0.7082179132040628
shortA87,0.7082179132040628
shortA16,0.7082179132040628
shortA541,0.7082179132040628
shortA446,0.7082179132040628
shortA168,0.7082179132040628
shortA81,0.7082179132040628
shortA512,0.7082179132040628
shortA105,0.7082179132040628
shortA511,0.7082179132040628
shortA47,0.7082179132040628
shortA440,0.7082179132040628
shortA102,0.7082179132040628
shortA382,0.7082179132040628
shortA398,0.7082179132040628
shortA33,0.7082179132040628
shortA152,0.7082179132040628
shortA199,0.7082179132040627
shortA171,0.7082179132040627
shortA390,0.7082179132040627
shortA356,0.7072945521698984
shortA124,0.7072945521698984
shortA367,0.7072945521698984
shortA449,0.7072945521698984
shortA477,0.7072945521698984
shortA128,0.7072945521698984
shortA130,0.7072945521698984
shortA538,0.7072945521698984
shortA141,0.7072945521698984
shortA517,0.7072945521698984
shortA91,0.7072945521698984
shortA98,0.7072945521698984
shortA92,0.7072945521698984
shortA43,0.7072945521698984
shortA200,0.7072945521698984
shortA239,0.7072945521698984
shortA35,0.7072945521698984
shortA413,0.7072945521698984
shortA391,0.7072945521698984
shortA185,0.7072945521698984
shortA389,0.7072945521698984
shortA318,0.7072945521698984
shortA182,0.7072945521698984
shortA174,0.7072945521698984
shortA215,0.7072945521698984
shortA311,0.7072945521698984
shortA498,0.7072945521698984
shortA470,0.7072945521698984
shortA379,0.7072945521698984
shortA276,0.7072945521698984
shortA162,0.7072945521698984
shortA155,0.7072945521698984
shortA539,0.7072945521698984
shortA165,0.7072945521698983
shortA451,0.7072945521698983
shortA444,0.7072945521698983
shortA113,0.7063711911357341
shortA348,0.7063711911357341
shortA352,0.7063711911357341
shortA241,0.7063711911357341
shortA399,0.7063711911357341
shortA179,0.7063711911357341
shortA111,0.7063711911357341
shortA227,0.7063711911357341
shortA163,0.7063711911357341
shortA472,0.7063711911357341
shortA76,0.7063711911357341
shortA298,0.7063711911357341
shortA453,0.7063711911357341
shortA258,0.7063711911357341
shortA295,0.7063711911357341
shortA249,0.7063711911357341
shortA123,0.7063711911357341
shortA317,0.706371191135734
shortA83,0.706371191135734
shortA53,0.706371191135734
shortA321,0.706371191135734
shortA114,0.706371191135734
shortA233,0.706371191135734
shortA527,0.706371191135734
shortA350,0.706371191135734
shortA126,0.706371191135734
shortA516,0.706371191135734
shortA353,0.706371191135734
shortA157,0.706371191135734
shortA169,0.706371191135734
shortA272,0.706371191135734
shortA423,0.7054478301015698
shortA7,0.7054478301015698
shortA358,0.7054478301015698
shortA475,0.7054478301015698
shortA172,0.7054478301015696
shortA245,0.7054478301015696
shortA145,0.7054478301015696
shortA6,0.7054478301015696
shortA354,0.7054478301015696
shortA132,0.7054478301015696
shortA323,0.7054478301015696
shortA254,0.7054478301015696
shortA69,0.7054478301015696
shortA535,0.7054478301015696
shortA74,0.7054478301015696
shortA397,0.7054478301015696
shortA320,0.7054478301015696
shortA9,0.7045244690674054
shortA178,0.7045244690674054
shortA183,0.7045244690674054
shortA217,0.7045244690674054
shortA329,0.7045244690674054
shortA307,0.7045244690674054
shortA417,0.7045244690674054
shortA483,0.7045244690674054
shortA39,0.7045244690674054
shortA50,0.7045244690674054
shortA371,0.7045244690674054
shortA266,0.7045244690674054
shortA260,0.7045244690674054
shortA412,0.7045244690674053
shortA357,0.7045244690674053
shortA473,0.7045244690674053
shortA86,0.7045244690674053
shortA116,0.7045244690674053
shortA222,0.7045244690674053
shortA190,0.7045244690674053
shortA46,0.7045244690674053
shortA61,0.7045244690674053
shortA404,0.7045244690674053
shortA499,0.7045244690674053
shortA5,0.7045244690674053
shortA530,0.7045244690674053
shortA299,0.7045244690674053
shortA407,0.703601108033241
shortA464,0.703601108033241
shortA51,0.703601108033241
shortA418,0.703601108033241
shortA131,0.703601108033241
shortA209,0.703601108033241
shortA64,0.7036011080332409
shortA524,0.7036011080332409
shortA531,0.7036011080332409
shortA369,0.7036011080332409
shortA505,0.7036011080332409
shortA403,0.7036011080332409
shortA78,0.7036011080332409
shortA319,0.7036011080332409
shortA365,0.7036011080332409
shortA221,0.7036011080332409
shortA489,0.7036011080332409
shortA303,0.7036011080332409
shortA18,0.7036011080332409
shortA275,0.7036011080332409
shortA330,0.7036011080332409
shortA343,0.7036011080332409
shortA242,0.7036011080332409
shortA375,0.7036011080332409
shortA340,0.7036011080332409
shortA494,0.7026777469990767
shortA235,0.7026777469990767
shortA223,0.7026777469990767
shortA77,0.7026777469990766
shortA540,0.7026777469990766
shortA23,0.7026777469990766
shortA85,0.7026777469990766
shortA474,0.7026777469990766
shortA351,0.7026777469990766
shortA533,0.7026777469990766
shortA99,0.7026777469990766
shortA103,0.7026777469990766
shortA447,0.7026777469990766
shortA135,0.7026777469990766
shortA445,0.7026777469990766
shortA146,0.7026777469990766
shortA313,0.7026777469990766
shortA393,0.7026777469990766
shortA460,0.7026777469990766
shortA232,0.7026777469990766
shortA414,0.7026777469990766
shortA253,0.7026777469990766
shortA421,0.7026777469990766
shortA309,0.7026777469990766
shortA392,0.7026777469990766
shortA458,0.7017543859649122
shortA409,0.7017543859649122
shortA192,0.7017543859649122
shortA455,0.7017543859649122
shortA26,0.7017543859649122
shortA97,0.7017543859649122
shortA108,0.7017543859649122
shortA441,0.7017543859649122
shortA151,0.7017543859649122
shortA503,0.7017543859649122
shortA196,0.7017543859649122
shortA203,0.7017543859649122
shortA243,0.7017543859649122
shortA495,0.7017543859649122
shortA273,0.7017543859649122
shortA342,0.700831024930748
shortA518,0.700831024930748
shortA465,0.7008310249307479
shortA471,0.7008310249307479
shortA463,0.7008310249307479
shortA434,0.7008310249307479
shortA400,0.7008310249307479
shortA218,0.7008310249307479
shortA228,0.7008310249307479
shortA229,0.7008310249307479
shortA355,0.7008310249307479
shortA252,0.7008310249307479
shortA339,0.7008310249307479
shortA66,0.7008310249307479
shortA147,0.7008310249307479
shortA388,0.6999076638965835
shortA282,0.6999076638965835
shortA150,0.6999076638965835
shortA261,0.6999076638965835
shortA264,0.6999076638965835
shortA139,0.6999076638965835
shortA279,0.6999076638965835
shortA153,0.6999076638965835
shortA410,0.6999076638965835
shortA361,0.6999076638965835
shortA115,0.6989843028624192
shortA170,0.6989843028624192
shortA84,0.6989843028624192
shortA70,0.6989843028624192
shortA450,0.6989843028624192
shortA48,0.6989843028624192
shortA22,0.6989843028624192
shortA17,0.6989843028624192
shortA461,0.6989843028624192
shortA106,0.6989843028624192
shortA500,0.6989843028624192
shortA349,0.6989843028624192
shortA344,0.6989843028624192
shortA334,0.6989843028624192
shortA322,0.6989843028624192
shortA373,0.6989843028624192
shortA234,0.6989843028624192
shortA263,0.6989843028624192
shortA368,0.6989843028624192
shortA300,0.6980609418282548
shortA62,0.6980609418282548
shortA316,0.6980609418282548
shortA488,0.6980609418282548
shortA490,0.6980609418282548
shortA138,0.6980609418282548
shortA406,0.6980609418282548
shortA144,0.6980609418282548
shortA154,0.6980609418282548
shortA158,0.6980609418282548
shortA160,0.6980609418282548
shortA207,0.6980609418282548
shortA186,0.6980609418282548
shortA492,0.6980609418282548
shortA509,0.6971375807940905
shortA510,0.6971375807940905
shortA497,0.6971375807940905
shortA1,0.6971375807940905
shortA10,0.6971375807940905
shortA427,0.6971375807940905
shortA191,0.6971375807940905
shortA149,0.6971375807940905
shortA107,0.6971375807940905
shortA336,0.6971375807940905
shortA366,0.6971375807940905
shortA72,0.6971375807940905
shortA101,0.6971375807940905
shortA8,0.6971375807940905
shortA204,0.6962142197599261
shortA219,0.6962142197599261
shortA271,0.6962142197599261
shortA335,0.6962142197599261
shortA513,0.6962142197599261
shortA283,0.6962142197599261
shortA278,0.6962142197599261
shortA383,0.6962142197599261
shortA206,0.6962142197599261
shortA65,0.6952908587257618
shortA94,0.6952908587257618
shortA93,0.6952908587257618
shortA337,0.6952908587257618
shortA333,0.6952908587257618
shortA71,0.6952908587257618
shortA220,0.6952908587257618
shortA442,0.6952908587257617
shortA167,0.6943674976915974
shortA454,0.6943674976915974
shortA127,0.6943674976915974
shortA428,0.6943674976915974
shortA522,0.6943674976915974
shortA525,0.6943674976915974
shortA306,0.6943674976915974
shortA67,0.6943674976915974
shortA431,0.6943674976915974
shortA360,0.6943674976915974
shortA370,0.6943674976915974
shortA532,0.6943674976915974
shortA467,0.6943674976915974
shortA194,0.6934441366574331
shortA95,0.6934441366574331
shortA104,0.6934441366574331
shortA459,0.6934441366574331
shortA274,0.6934441366574331
shortA305,0.6934441366574331
shortA230,0.6934441366574331
shortA202,0.6934441366574331
shortA259,0.6934441366574331
shortA140,0.6925207756232687
shortA426,0.6925207756232687
shortA424,0.6925207756232687
shortA88,0.6925207756232687
shortA331,0.6925207756232687
shortA110,0.6925207756232687
shortA24,0.6925207756232687
shortA4,0.6925207756232687
shortA506,0.6925207756232686
shortA302,0.6915974145891044
shortA148,0.6915974145891043
shortA345,0.6915974145891043
shortA188,0.69067405355494
shortA363,0.69067405355494
shortA208,0.69067405355494
shortA109,0.69067405355494
longA36,0.6906740535549399
shortA20,0.6897506925207757
shortA184,0.6897506925207756
longA121,0.6888273314866113
shortA529,0.6888273314866113
shortA430,0.6888273314866113
shortA364,0.6888273314866112
shortA312,0.6888273314866112
longA117,0.687903970452447
shortA468,0.687903970452447
shortA496,0.6879039704524469
shortA136,0.6869806094182827
shortA504,0.685133887349954
shortA143,0.6851338873499538
longA34,0.6842105263157895
longA176,0.6823638042474608
longA422,0.6823638042474607
longA288,0.6814404432132964
longA287,0.680517082179132
shortA508,0.680517082179132
shortA457,0.680517082179132
longA114,0.680517082179132
shortA520,0.6795937211449676
shortB462,0.6777469990766389
longA408,0.6768236380424746
longA116,0.6768236380424746
longA481,0.6768236380424746
longA42,0.6768236380424746
longA178,0.6768236380424746
longA120,0.6768236380424746
longA412,0.6759002770083102
longA133,0.6759002770083102
longA281,0.6740535549399815
longA246,0.6731301939058172
longA125,0.6722068328716528
longA113,0.6722068328716528
longA83,0.6722068328716528
longA35,0.6722068328716528
longA400,0.6712834718374885
shortA514,0.6703601108033241
longA28,0.6703601108033241
longA122,0.6703601108033241
longA244,0.670360110803324
longA267,0.6694367497691598
longA112,0.6694367497691597
longA534,0.6694367497691597
longA58,0.6685133887349953
longA487,0.6685133887349953
longA423,0.6685133887349953
longA33,0.6685133887349953
longA14,0.6685133887349953
longA248,0.6685133887349953
longA32,0.6685133887349953
longA13,0.6675900277008311
longA396,0.6675900277008311
longA240,0.667590027700831
longA25,0.6666666666666666
longA37,0.6666666666666666
longA215,0.6666666666666666
longA212,0.6657433056325023
longA243,0.6657433056325023
longA486,0.6657433056325023
longA478,0.6657433056325023
longA173,0.6657433056325023
longA397,0.6657433056325023
longA293,0.6657433056325023
longA92,0.664819944598338
longA247,0.664819944598338
longA373,0.664819944598338
longA126,0.6648199445983379
longA485,0.6648199445983379
longA377,0.6648199445983379
longA404,0.6638965835641736
longA416,0.6638965835641736
longA177,0.6638965835641736
longA51,0.6638965835641736
longA265,0.6629732225300092
longA268,0.6629732225300092
longA78,0.6629732225300091
longA521,0.6629732225300091
longA91,0.6620498614958449
longA174,0.6620498614958449
longA394,0.6611265004616805
longA289,0.6611265004616805
shortB58,0.6611265004616805
longA477,0.6611265004616805
longA47,0.6611265004616805
longA255,0.6611265004616804
longA123,0.6602031394275162
longA515,0.6602031394275162
longA118,0.6602031394275162
longA52,0.6602031394275162
longA420,0.6602031394275162
longA225,0.6602031394275162
longA407,0.6602031394275161
longA356,0.6602031394275161
longA119,0.6592797783933518
longA38,0.6592797783933518
longA231,0.6592797783933518
longA292,0.6592797783933518
longA372,0.6592797783933518
longA480,0.6592797783933517
longA403,0.6592797783933517
longA376,0.6592797783933517
longA55,0.6592797783933517
longA409,0.6583564173591875
longA415,0.6583564173591875
longA211,0.6574330563250231
longA266,0.6574330563250231
longA57,0.6574330563250231
longA382,0.657433056325023
longA130,0.657433056325023
longA115,0.657433056325023
longA349,0.6565096952908587
longA298,0.6565096952908587
longA59,0.6565096952908587
longA77,0.6565096952908587
longA484,0.6555863342566944
longA239,0.6555863342566943
longA15,0.6555863342566943
longA249,0.6555863342566943
longA22,0.6555863342566943
longA222,0.6555863342566943
longA80,0.6555863342566943
longA210,0.6555863342566943
longA387,0.6555863342566943
longA19,0.6555863342566943
longA124,0.65466297322253
longA290,0.65466297322253
longA297,0.65466297322253
longA395,0.65466297322253
longA366,0.65466297322253
longA245,0.65466297322253
longA405,0.65466297322253
longA90,0.65466297322253
longA511,0.65466297322253
longA39,0.65466297322253
longA419,0.6537396121883656
longA283,0.6537396121883656
longA224,0.6537396121883656
longA533,0.6537396121883656
longA238,0.6537396121883656
longA171,0.6528162511542014
longA466,0.6528162511542013
longA411,0.6528162511542013
longA279,0.6528162511542013
longA79,0.6528162511542013
longA27,0.6528162511542013
longA214,0.6528162511542013
shortB114,0.6528162511542013
longA221,0.6528162511542013
longA490,0.6528162511542013
longA242,0.6518928901200369
longA53,0.6518928901200369
longA286,0.6518928901200369
longA209,0.6518928901200369
longA29,0.6518928901200369
longA216,0.6518928901200369
longA84,0.6518928901200369
longA21,0.6518928901200369
longA463,0.6518928901200369
longA410,0.6509695290858726
longA163,0.6509695290858726
longA284,0.6509695290858726
longA285,0.6509695290858726
longA479,0.6509695290858726
longA129,0.6509695290858726
longA452,0.6509695290858726
longA421,0.6509695290858726
longA230,0.6509695290858726
longA62,0.6509695290858726
longA388,0.6509695290858726
longA208,0.6500461680517082
longA41,0.6500461680517082
longA524,0.6500461680517082
longA351,0.6500461680517082
longA367,0.6500461680517082
longB462,0.6500461680517082
longA86,0.6500461680517082
longA179,0.6491228070175439
longA228,0.6491228070175439
longA399,0.6491228070175439
longA398,0.6491228070175439
longA378,0.6491228070175439
longA280,0.6491228070175438
longA447,0.6491228070175438
longA16,0.6491228070175438
longA445,0.6481994459833795
longA127,0.6481994459833795
longA134,0.6481994459833795
longA393,0.6481994459833795
longA413,0.6481994459833795
longA294,0.6481994459833795
longA379,0.6481994459833794
longA282,0.6472760849492152
longA446,0.6472760849492152
longA401,0.6472760849492152
longA254,0.6472760849492152
longA60,0.6472760849492152
longA488,0.6463527239150508
longA526,0.6463527239150508
longA417,0.6463527239150508
longA30,0.6463527239150508
longA46,0.6463527239150508
longA49,0.6463527239150508
longA390,0.6463527239150508
longA365,0.6463527239150508
longA54,0.6463527239150508
longA475,0.6463527239150508
longA476,0.6463527239150507
longA355,0.6463527239150507
longA48,0.6463527239150507
longA503,0.6463527239150507
longA18,0.6454293628808865
longA493,0.6454293628808865
longA11,0.6454293628808865
longA260,0.6454293628808865
longA464,0.6454293628808864
longA469,0.6454293628808864
longA234,0.6454293628808864
longA20,0.6454293628808864
longA45,0.6454293628808864
longA483,0.6454293628808864
longA218,0.6445060018467221
longA253,0.6445060018467221
longA465,0.644506001846722
longA257,0.644506001846722
longA128,0.644506001846722
longA227,0.644506001846722
shortB537,0.644506001846722
longA499,0.644506001846722
longA263,0.644506001846722
longA295,0.6435826408125578
longA81,0.6435826408125578
shortB42,0.6435826408125578
longA206,0.6435826408125578
longA256,0.6435826408125577
longA537,0.6435826408125577
longA424,0.6435826408125577
longA380,0.6435826408125577
longA213,0.6435826408125577
longA291,0.6435826408125577
longA362,0.6435826408125577
longA363,0.6435826408125577
longA229,0.6426592797783934
longA353,0.6426592797783934
longA541,0.6426592797783933
longA262,0.6426592797783933
shortB225,0.6426592797783933
longA223,0.6426592797783933
longA12,0.6417359187442291
longA258,0.641735918744229
longA175,0.641735918744229
longA56,0.641735918744229
longA135,0.641735918744229
longA8,0.641735918744229
longA414,0.641735918744229
shortB112,0.641735918744229
longA82,0.641735918744229
longA61,0.641735918744229
longA425,0.641735918744229
longA87,0.641735918744229
longA89,0.641735918744229
longA418,0.6417359187442289
shortB121,0.6408125577100646
longA471,0.6408125577100646
longA259,0.6408125577100646
longA391,0.6408125577100646
longA389,0.6408125577100646
longA23,0.6408125577100646
longA527,0.6398891966759003
longA437,0.6398891966759003
longA513,0.6398891966759003
longA375,0.6398891966759003
longA235,0.6398891966759003
longA85,0.6398891966759003
longA165,0.6398891966759003
longA506,0.638965835641736
longA350,0.638965835641736
longA75,0.6389658356417359
longA440,0.6389658356417359
longA516,0.6389658356417359
longA442,0.6389658356417359
longA136,0.6389658356417359
shortB53,0.6389658356417358
longA374,0.6380424746075716
shortB439,0.6380424746075716
longA381,0.6380424746075716
longA451,0.6380424746075716
longA386,0.6380424746075716
shortB487,0.6380424746075715
longA50,0.6371191135734072
longA88,0.6371191135734072
longA467,0.6371191135734072
longA40,0.6371191135734072
longA236,0.6371191135734072
longA519,0.6371191135734072
longA264,0.6371191135734072
longA251,0.6371191135734072
longA43,0.6371191135734071
longA237,0.636195752539243
longA450,0.6361957525392429
longA369,0.6361957525392429
longA482,0.6361957525392429
longA131,0.6361957525392429
longA10,0.6361957525392428
longA250,0.6361957525392428
longA299,0.6352723915050785
longA360,0.6352723915050785
longA219,0.6352723915050785
longA26,0.6352723915050784
shortB373,0.6352723915050784
longA392,0.6352723915050784
longA296,0.6352723915050784
longA535,0.6352723915050784
longA233,0.6343490304709142
longA226,0.6343490304709142
longA166,0.6343490304709141
longA342,0.6343490304709141
longA502,0.6343490304709141
longA449,0.6334256694367498
longA17,0.6334256694367497
longA9,0.6334256694367497
longA385,0.6325023084025855
longA489,0.6325023084025855
shortB478,0.6325023084025854
longA167,0.6325023084025854
longA232,0.6325023084025854
shortA402,0.6325023084025854
longA31,0.6315789473684211
longA323,0.6315789473684211
shortB284,0.6315789473684211
shortB289,0.631578947368421
longA441,0.631578947368421
longA518,0.631578947368421
longA241,0.631578947368421
longA261,0.631578947368421
longA468,0.631578947368421
longA318,0.631578947368421
longA361,0.6306555863342568
longA200,0.6306555863342568
longA429,0.6306555863342568
longA204,0.6306555863342567
longA199,0.6306555863342567
longA371,0.6306555863342567
longA300,0.6306555863342567
longA132,0.6306555863342567
longA172,0.6306555863342567
longA470,0.6306555863342567
longA505,0.6306555863342567
longA501,0.6306555863342567
longA539,0.6306555863342567
longA406,0.6306555863342567
longA217,0.6306555863342567
longA332,0.6297322253000923
longA431,0.6297322253000923
longA523,0.6297322253000923
longA434,0.6297322253000923
longA453,0.6297322253000923
shortB371,0.6297322253000923
shortB209,0.6288088642659281
longA512,0.628808864265928
longA438,0.628808864265928
shortB484,0.6278855032317636
longA384,0.6278855032317636
longA443,0.6278855032317636
longA328,0.6278855032317636
longA497,0.6278855032317636
longA435,0.6269621421975993
longA492,0.6269621421975993
longA146,0.6269621421975993
longA433,0.6269621421975993
longA444,0.6269621421975993
longA358,0.6269621421975993
longA201,0.6269621421975993
longA269,0.6269621421975993
longA7,0.6269621421975993
longB402,0.6269621421975992
longA348,0.6269621421975992
longA271,0.6260387811634349
longA500,0.6260387811634349
longA354,0.6260387811634349
longA491,0.6260387811634349
longA370,0.6260387811634349
longA220,0.6260387811634349
longA270,0.6260387811634349
longA494,0.6260387811634348
longA432,0.6260387811634348
longA2,0.6260387811634348
shortB83,0.6260387811634348
longA327,0.6251154201292706
longA76,0.6251154201292706
shortB447,0.6241920590951062
longA426,0.6241920590951062
longA510,0.6241920590951062
longA205,0.6241920590951062
longA368,0.6241920590951062
longA525,0.6241920590951061
longA352,0.6241920590951061
longA430,0.6232686980609419
longA189,0.6232686980609419
longA448,0.6232686980609419
longA73,0.6232686980609419
longA162,0.6232686980609418
longA520,0.6232686980609418
shortB117,0.6232686980609418
longA536,0.6232686980609418
longA347,0.6223453370267775
longA110,0.6223453370267774
longA522,0.6223453370267774
longA63,0.6223453370267774
shortB116,0.6223453370267774
longA74,0.6214219759926132
longA528,0.6214219759926132
longA196,0.6214219759926132
longA188,0.6214219759926131
shortB285,0.6214219759926131
longA157,0.6204986149584488
longA3,0.6204986149584488
longA310,0.6204986149584488
longA302,0.6204986149584488
longA72,0.6204986149584487
longA344,0.6204986149584487
longA187,0.6204986149584487
shortB481,0.6195752539242845
shortB429,0.6195752539242844
longA197,0.6195752539242844
longA183,0.6195752539242844
longA65,0.6186518928901201
longA427,0.61865189289012
shortB246,0.61865189289012
longA5,0.61865189289012
longA436,0.61865189289012
longA346,0.61865189289012
longA180,0.61865189289012
longA314,0.6177285318559558
longA192,0.6177285318559558
longA540,0.6177285318559558
longA202,0.6177285318559557
longA190,0.6177285318559557
longA64,0.6177285318559557
longA170,0.6177285318559557
shortB329,0.6177285318559557
longA321,0.6177285318559557
longA303,0.6177285318559557
shortB40,0.6177285318559557
longA357,0.6177285318559557
shortB416,0.6177285318559557
longA101,0.6177285318559557
longA495,0.6168051708217914
longB457,0.6168051708217914
longB514,0.6168051708217913
longA334,0.6168051708217913
longA309,0.6168051708217913
longA195,0.6168051708217913
longA68,0.6158818097876271
longA198,0.6158818097876271
longA333,0.6158818097876271
longA532,0.615881809787627
longA538,0.615881809787627
longA144,0.615881809787627
longA150,0.615881809787627
shortB45,0.6158818097876269
longA320,0.6158818097876269
longA181,0.6158818097876269
longA498,0.6149584487534627
longA364,0.6149584487534627
longA383,0.6149584487534626
longA326,0.6149584487534626
longA311,0.6149584487534626
shortB125,0.6149584487534626
longA4,0.6149584487534626
shortB33,0.6149584487534626
longA428,0.6149584487534625
longA343,0.6149584487534625
longA140,0.6140350877192983
longA193,0.6140350877192983
longA6,0.6140350877192983
longA70,0.6140350877192983
longA317,0.6140350877192983
longA97,0.6140350877192982
longA277,0.6140350877192982
shortB212,0.6131117266851339
longA331,0.6131117266851339
longA155,0.6131117266851339
longA324,0.6131117266851339
longA308,0.6131117266851338
longA161,0.6131117266851338
shortB448,0.6121883656509696
shortB231,0.6121883656509696
shortB452,0.6121883656509696
longA156,0.6121883656509696
shortB22,0.6121883656509695
shortB377,0.6121883656509695
longA147,0.6121883656509695
longA461,0.6121883656509695
longA159,0.6112650046168052
shortB205,0.6112650046168052
longA169,0.6112650046168052
longB282,0.6112650046168052
shortB208,0.6112650046168052
longA472,0.6112650046168052
longA504,0.6112650046168051
longA1,0.6112650046168051
shortB213,0.6112650046168051
longA191,0.6112650046168051
longA517,0.6112650046168051
longA462,0.6103416435826409
longA316,0.6103416435826409
longA182,0.6103416435826408
longA315,0.6103416435826408
longB171,0.6103416435826408
longA454,0.6094182825484765
longA24,0.6094182825484765
shortB248,0.6094182825484764
longA273,0.6094182825484764
longB46,0.6094182825484764
shortB432,0.6094182825484764
shortB215,0.6084949215143121
longA67,0.6084949215143121
longA149,0.6084949215143121
longA338,0.6075715604801477
longA139,0.6075715604801477
longA152,0.6075715604801477
longA339,0.6075715604801477
shortB211,0.6075715604801477
shortB59,0.6066481994459834
shortB288,0.6066481994459834
longA98,0.6066481994459834
longA341,0.6066481994459834
longA111,0.6066481994459834
longA207,0.6066481994459834
shortB381,0.6066481994459834
shortB25,0.6066481994459834
longA186,0.6066481994459834
longA103,0.6066481994459834
shortB536,0.6066481994459834
longA69,0.6066481994459834
longA329,0.605724838411819
longB360,0.605724838411819
shortB400,0.605724838411819
shortB463,0.605724838411819
longA102,0.605724838411819
longB143,0.605724838411819
longA164,0.605724838411819
shortB11,0.605724838411819
longB460,0.605724838411819
longA153,0.605724838411819
longA274,0.605724838411819
longB99,0.605724838411819
longA138,0.6048014773776547
longA106,0.6048014773776547
shortB74,0.6048014773776547
longA71,0.6048014773776547
longB272,0.6048014773776547
shortB34,0.6048014773776547
longB253,0.6048014773776547
longA104,0.6048014773776547
longA95,0.6048014773776547
longA203,0.6048014773776547
longA319,0.6048014773776547
longA530,0.6048014773776547
shortB387,0.6038781163434903
shortB342,0.6038781163434903
shortB13,0.6038781163434903
longA313,0.6038781163434903
longA184,0.6038781163434903
longA336,0.6038781163434903
longB172,0.6038781163434903
longA160,0.6038781163434903
longB278,0.6038781163434903
longA145,0.6038781163434903
longA142,0.6038781163434903
shortB37,0.602954755309326
longA496,0.602954755309326
shortB29,0.602954755309326
shortB385,0.602954755309326
longA337,0.602954755309326
longB340,0.602954755309326
longA168,0.602954755309326
longA94,0.602954755309326
longB357,0.602954755309326
longB241,0.602954755309326
shortB210,0.602954755309326
shortB526,0.6020313942751616
shortB425,0.6020313942751616
longA100,0.6020313942751616
longB219,0.6020313942751616
longA109,0.6020313942751616
longB423,0.6020313942751616
longA185,0.6020313942751616
shortB374,0.6020313942751616
longB520,0.6020313942751616
shortB163,0.6020313942751616
longB137,0.6020313942751616
longB508,0.6020313942751615
longB138,0.6011080332409973
longA96,0.6011080332409973
shortB417,0.6011080332409973
longB491,0.6011080332409973
longB496,0.6011080332409973
longB300,0.6011080332409973
longB270,0.6011080332409973
longB336,0.6011080332409972
shortB399,0.6011080332409972
longB359,0.6001846722068329
longB186,0.6001846722068329
longA325,0.6001846722068329
longA252,0.6001846722068329
longB474,0.6001846722068329
longA105,0.6001846722068329
longA276,0.6001846722068328
longB301,0.6001846722068328
longA301,0.5992613111726686
longB252,0.5992613111726686
shortB244,0.5992613111726686
longB185,0.5992613111726686
longB194,0.5992613111726686
longB235,0.5992613111726686
longA322,0.5992613111726686
longA151,0.5992613111726686
longB31,0.5992613111726685
shortB395,0.5983379501385042
shortB372,0.5983379501385042
longB94,0.5983379501385042
shortB230,0.5983379501385042
shortB9,0.5983379501385041
shortB402,0.5983379501385041
longA345,0.5983379501385041
longB220,0.5974145891043399
longB180,0.5974145891043399
longA473,0.5974145891043399
longB273,0.5974145891043399
shortB43,0.5974145891043399
longB518,0.5974145891043398
longA275,0.5974145891043398
longB148,0.5974145891043398
longB296,0.5974145891043398
longB312,0.5974145891043398
longA330,0.5964912280701755
shortB93,0.5964912280701755
longB88,0.5964912280701755
longA306,0.5964912280701755
longB142,0.5964912280701755
shortB451,0.5964912280701755
longA508,0.5964912280701755
shortB55,0.5964912280701754
shortB18,0.5964912280701754
longB513,0.5964912280701754
longB454,0.5964912280701754
longB158,0.5964912280701754
longB247,0.5964912280701754
longB525,0.5964912280701754
longB233,0.5964912280701754
longB237,0.5964912280701754
longB492,0.5955678670360112
longB84,0.5955678670360112
longB488,0.5955678670360111
longB504,0.5955678670360111
longB370,0.5955678670360111
longB251,0.5955678670360111
longB169,0.5955678670360111
longB532,0.5955678670360111
longB364,0.5955678670360111
longB344,0.5955678670360111
longB346,0.5955678670360111
longB250,0.5955678670360111
longA141,0.5955678670360111
shortB224,0.5946445060018468
longA335,0.5946445060018468
longB175,0.5946445060018468
shortB528,0.5946445060018468
longB345,0.5946445060018468
longB414,0.5946445060018467
longB418,0.5946445060018467
longB144,0.5946445060018467
longB470,0.5946445060018467
longB512,0.5937211449676824
longB136,0.5937211449676824
longB386,0.5937211449676824
longA158,0.5937211449676824
shortB256,0.5937211449676824
longB509,0.5937211449676824
longB297,0.5937211449676824
longB421,0.5937211449676824
longB405,0.5937211449676824
longB458,0.5937211449676824
longB385,0.5937211449676822
longB109,0.5937211449676822
longB500,0.592797783933518
longB426,0.592797783933518
longA307,0.592797783933518
longB365,0.592797783933518
longB61,0.592797783933518
shortB343,0.592797783933518
longB383,0.592797783933518
longA108,0.592797783933518
shortB80,0.592797783933518
longB461,0.592797783933518
longB467,0.592797783933518
longB255,0.592797783933518
longB154,0.592797783933518
longB384,0.592797783933518
shortB201,0.592797783933518
longA148,0.5927977839335179
longB389,0.5927977839335179
longB276,0.5918744228993538
longB434,0.5918744228993537
longB510,0.5918744228993537
longB330,0.5918744228993537
shortB398,0.5918744228993537
longB298,0.5918744228993537
shortB51,0.5918744228993537
longB305,0.5918744228993537
longB368,0.5918744228993537
longB181,0.5918744228993537
longB302,0.5918744228993537
longB535,0.5918744228993535
shortB506,0.5918744228993535
longB104,0.5918744228993535
longB151,0.5918744228993535
shortB5,0.5909510618651893
longB291,0.5909510618651893
shortB515,0.5909510618651893
longB427,0.5909510618651893
longB319,0.5909510618651893
longB490,0.5909510618651893
longB174,0.5909510618651893
longB226,0.5909510618651893
longB192,0.5909510618651893
longB145,0.5909510618651893
longA66,0.5909510618651893
longA459,0.5909510618651893
longB335,0.5909510618651893
longB50,0.5909510618651893
shortB187,0.5909510618651892
longB517,0.5909510618651892
longB306,0.5909510618651892
longA305,0.5909510618651892
longB86,0.590027700831025
longB295,0.590027700831025
longB331,0.590027700831025
longB353,0.590027700831025
longB451,0.590027700831025
longB433,0.590027700831025
longB133,0.590027700831025
longB147,0.5900277008310248
longA529,0.5900277008310248
longB176,0.5900277008310248
longB527,0.5900277008310248
shortB483,0.5900277008310248
longB179,0.5900277008310248
longB113,0.5900277008310248
longB307,0.5891043397968606
longB265,0.5891043397968606
longB445,0.5891043397968606
longB262,0.5891043397968606
longB218,0.5891043397968606
shortB119,0.5891043397968606
longB392,0.5891043397968606
longB198,0.5891043397968606
longB79,0.5891043397968606
longB162,0.5891043397968606
longB369,0.5891043397968606
longB155,0.5891043397968606
longB264,0.5891043397968606
longB232,0.5891043397968605
longB66,0.5891043397968605
longA137,0.5891043397968605
longB56,0.5891043397968605
longB404,0.5891043397968605
longB366,0.5891043397968605
longA143,0.5891043397968605
shortB310,0.5881809787626963
longA272,0.5881809787626963
longB531,0.5881809787626963
longB479,0.5881809787626963
longB141,0.5881809787626963
longB519,0.5881809787626963
longB131,0.5881809787626963
longB139,0.5881809787626963
longB188,0.5881809787626961
longB400,0.5881809787626961
shortB263,0.5881809787626961
longB96,0.5881809787626961
longB130,0.5881809787626961
longB387,0.5881809787626961
longB91,0.5881809787626961
longB243,0.5881809787626961
longB352,0.5881809787626961
longB354,0.5881809787626961
longB183,0.5881809787626961
longB67,0.5881809787626961
longB333,0.5881809787626961
longB106,0.5881809787626961
longB64,0.5881809787626961
shortB47,0.5872576177285319
longB388,0.5872576177285319
longA154,0.5872576177285319
longB115,0.5872576177285319
longA312,0.5872576177285319
longB110,0.5872576177285319
shortB376,0.5872576177285319
longB323,0.5872576177285319
longB62,0.5872576177285318
longB489,0.5872576177285318
longB408,0.5872576177285318
longB39,0.5872576177285318
shortB485,0.5872576177285318
longB105,0.5872576177285318
longB111,0.5872576177285318
shortB214,0.5872576177285318
shortB446,0.5872576177285318
longA340,0.5872576177285318
longB15,0.5872576177285318
longB107,0.5872576177285318
longB261,0.5872576177285318
longB397,0.5872576177285318
longB26,0.5863342566943676
longB48,0.5863342566943675
longB101,0.5863342566943675
shortB444,0.5863342566943675
shortB391,0.5863342566943675
longB146,0.5863342566943675
longB168,0.5863342566943675
longB1,0.5863342566943675
longB440,0.5863342566943675
longA194,0.5863342566943675
shortB178,0.5863342566943675
longA107,0.5863342566943675
longB529,0.5863342566943675
longB274,0.5863342566943675
shortB266,0.5863342566943675
shortB78,0.5863342566943675
longB260,0.5863342566943675
shortB90,0.5863342566943675
longB502,0.5863342566943675
longB193,0.5854108956602032
longB299,0.5854108956602032
longB234,0.5854108956602031
longB437,0.5854108956602031
shortB410,0.5854108956602031
longB68,0.5854108956602031
longB173,0.5854108956602031
longB413,0.5854108956602031
longB103,0.5854108956602031
longB65,0.5854108956602031
longB304,0.5854108956602031
longB407,0.5854108956602031
longB123,0.5854108956602031
longB132,0.5854108956602031
longB375,0.5854108956602031
longB280,0.5854108956602031
longB334,0.5854108956602031
shortB12,0.5854108956602031
longB473,0.5854108956602031
shortB486,0.5854108956602031
longB24,0.5854108956602031
longB16,0.5854108956602031
longB222,0.5854108956602031
longB7,0.5854108956602031
shortB20,0.5854108956602031
longB465,0.5844875346260389
longB435,0.5844875346260389
longB468,0.5844875346260388
longB337,0.5844875346260388
longB361,0.5844875346260388
longA531,0.5844875346260388
longB522,0.5844875346260388
shortB118,0.5844875346260388
longB6,0.5844875346260388
longB150,0.5844875346260388
longB503,0.5844875346260388
longB501,0.5844875346260388
shortB52,0.5844875346260388
shortB415,0.5844875346260388
longB471,0.5844875346260388
shortB480,0.5844875346260388
longB196,0.5844875346260388
longB208,0.5844875346260388
longB182,0.5844875346260388
longB286,0.5844875346260388
longB184,0.5844875346260388
longB309,0.5844875346260388
longB313,0.5844875346260388
longB294,0.5844875346260388
longB257,0.5844875346260388
shortB207,0.5835641735918745
longB398,0.5835641735918744
longB493,0.5835641735918744
longB495,0.5835641735918744
longB409,0.5835641735918744
longB403,0.5835641735918744
shortB126,0.5835641735918744
longB21,0.5835641735918744
longB75,0.5835641735918744
shortB28,0.5835641735918744
longB287,0.5835641735918744
longB358,0.5835641735918744
longB348,0.5835641735918744
longB538,0.5835641735918744
longB240,0.5835641735918744
longB511,0.5835641735918744
shortB79,0.5835641735918744
longB161,0.5835641735918744
longB263,0.5835641735918744
longB266,0.5835641735918744
longB436,0.58264081255771
longB164,0.58264081255771
longB135,0.58264081255771
longB76,0.58264081255771
longB394,0.58264081255771
longB23,0.58264081255771
longB281,0.58264081255771
longB406,0.58264081255771
longB153,0.58264081255771
longB89,0.58264081255771
longB167,0.58264081255771
longB283,0.5817174515235457
longB321,0.5817174515235457
shortB396,0.5817174515235457
longB320,0.5817174515235457
longB277,0.5817174515235457
longB190,0.5817174515235457
longB49,0.5817174515235457
longB505,0.5817174515235457
shortB17,0.5817174515235457
longB516,0.5817174515235457
longB536,0.5817174515235457
longB530,0.5817174515235457
longB239,0.5817174515235457
longA304,0.5817174515235457
shortB35,0.5817174515235457
longB459,0.5817174515235457
longB95,0.5817174515235457
longB393,0.5817174515235457
longB390,0.5817174515235457
shortB127,0.5817174515235457
longB356,0.5817174515235457
longB341,0.5817174515235457
longB425,0.5817174515235457
shortB216,0.5807940904893814
longB482,0.5807940904893814
longB275,0.5807940904893814
longB498,0.5807940904893814
longB267,0.5807940904893814
longB202,0.5807940904893814
longB70,0.5807940904893814
longB350,0.5807940904893814
longB494,0.5807940904893814
longB236,0.5807940904893814
longB424,0.5807940904893814
longB224,0.5807940904893814
longB438,0.5807940904893814
longB229,0.5807940904893814
longB448,0.5807940904893814
longB317,0.5807940904893814
shortB378,0.5807940904893814
longB197,0.5807940904893814
longB81,0.5807940904893814
longB327,0.5807940904893814
longB391,0.5807940904893812
longB207,0.579870729455217
longB380,0.579870729455217
longB140,0.579870729455217
longA474,0.579870729455217
shortB534,0.579870729455217
longB326,0.579870729455217
longA458,0.579870729455217
longB127,0.579870729455217
longB149,0.579870729455217
longB497,0.579870729455217
longB466,0.579870729455217
shortB406,0.579870729455217
longB82,0.579870729455217
longB453,0.579870729455217
shortB103,0.579870729455217
longB410,0.579870729455217
longB442,0.579870729455217
longB74,0.579870729455217
longB73,0.579870729455217
longB85,0.579870729455217
longB195,0.579870729455217
longB108,0.5798707294552169
longB201,0.5789473684210527
longB355,0.5789473684210527
longB452,0.5789473684210527
longB52,0.5789473684210527
longB528,0.5789473684210527
longB540,0.5789473684210527
longB159,0.5789473684210527
longB524,0.5789473684210527
longB3,0.5789473684210527
longB324,0.5789473684210527
longB469,0.5789473684210527
longB310,0.5789473684210527
longB8,0.5789473684210527
longB102,0.5789473684210527
longB499,0.5789473684210527
longB450,0.5789473684210527
longB325,0.5789473684210527
longB41,0.5789473684210527
longB401,0.5789473684210527
longB382,0.5789473684210527
longB69,0.5789473684210527
shortB97,0.5780240073868883
longB293,0.5780240073868883
longA278,0.5780240073868883
longA359,0.5780240073868883
longB225,0.5780240073868883
longB60,0.5780240073868883
longB223,0.5780240073868883
shortB339,0.5780240073868883
longB166,0.5780240073868883
longB27,0.5780240073868883
longB38,0.5780240073868883
longB92,0.5780240073868883
longB118,0.5780240073868883
longB412,0.5780240073868883
longB259,0.5780240073868882
longB378,0.5780240073868882
longB541,0.5780240073868882
longB231,0.577100646352724
longB191,0.577100646352724
longB472,0.577100646352724
longB177,0.577100646352724
longB480,0.577100646352724
longB316,0.577100646352724
longA99,0.577100646352724
longB415,0.577100646352724
longB238,0.577100646352724
longB279,0.577100646352724
longB290,0.577100646352724
longB371,0.577100646352724
longB521,0.577100646352724
longB213,0.577100646352724
longB339,0.5771006463527238
shortB166,0.5771006463527238
longB30,0.5771006463527238
longB227,0.5771006463527238
longB156,0.5771006463527238
longB308,0.5771006463527238
longA455,0.5761772853185596
longB533,0.5761772853185596
longB124,0.5761772853185596
longB228,0.5761772853185596
longB128,0.5761772853185596
longB129,0.5761772853185596
longB97,0.5761772853185596
longB55,0.5761772853185596
shortB258,0.5761772853185596
shortB290,0.5761772853185596
longB379,0.5761772853185596
longB206,0.5761772853185596
longB10,0.5761772853185596
longB332,0.5761772853185596
longB367,0.5761772853185596
longB119,0.5761772853185595
longB199,0.5761772853185595
longB464,0.5761772853185595
longB217,0.5752539242843953
longB432,0.5752539242843953
longA509,0.5752539242843953
shortB311,0.5752539242843953
longB477,0.5752539242843953
longB51,0.5752539242843953
longB204,0.5752539242843953
longB342,0.5752539242843953
longB444,0.5752539242843951
shortB221,0.5752539242843951
longB98,0.5752539242843951
longA93,0.5752539242843951
longB116,0.5752539242843951
longB526,0.5752539242843951
longB485,0.5752539242843951
longB87,0.5743305632502309
shortB131,0.5743305632502309
longB481,0.5743305632502309
longB214,0.5743305632502309
shortB56,0.5743305632502308
longB100,0.5743305632502308
shortB8,0.5743305632502308
longB430,0.5743305632502308
shortB479,0.5743305632502308
longA457,0.5743305632502308
longB363,0.5743305632502308
longB328,0.5743305632502308
shortB60,0.5734072022160666
longB134,0.5734072022160666
shortB19,0.5734072022160666
longB318,0.5734072022160666
shortB36,0.5734072022160666
longB2,0.5734072022160666
longB4,0.5734072022160666
longB349,0.5734072022160666
longB20,0.5734072022160664
longB203,0.5734072022160664
longB212,0.5734072022160664
longA460,0.5734072022160664
longB210,0.5734072022160664
longB254,0.5734072022160664
longB443,0.5734072022160664
longB157,0.5734072022160664
longB249,0.5734072022160664
longB506,0.5734072022160664
longB25,0.5734072022160664
longB32,0.5724838411819022
longB11,0.5724838411819022
longB170,0.5724838411819022
longB289,0.5724838411819022
longB441,0.5724838411819022
longB63,0.5724838411819021
longB71,0.5724838411819021
shortB54,0.5724838411819021
longB463,0.5724838411819021
shortB397,0.5724838411819021
shortB122,0.5724838411819021
longB419,0.5724838411819021
shortB129,0.5724838411819021
longB72,0.5724838411819021
longB303,0.5724838411819021
longB245,0.5724838411819021
longB475,0.5724838411819021
longB420,0.572483841181902
longB537,0.5715604801477379
longB449,0.5715604801477379
shortB420,0.5715604801477379
longB539,0.5715604801477377
longB126,0.5715604801477377
longB268,0.5715604801477377
longB372,0.5715604801477377
longB77,0.5715604801477377
longB428,0.5715604801477377
shortB475,0.5715604801477377
shortB419,0.5715604801477377
longB14,0.5715604801477377
longB338,0.5715604801477377
longB122,0.5715604801477377
longB242,0.5715604801477377
longB40,0.5706371191135734
longB447,0.5706371191135734
shortB411,0.5706371191135734
longB446,0.5706371191135734
longB54,0.5706371191135734
longB411,0.5706371191135734
shortB338,0.5706371191135734
shortB409,0.5706371191135734
longB36,0.5706371191135733
longB47,0.5697137580794092
longB315,0.569713758079409
shortB14,0.569713758079409
shortB30,0.569713758079409
longB399,0.569713758079409
longB523,0.569713758079409
shortB200,0.569713758079409
longB271,0.569713758079409
shortB100,0.569713758079409
longB165,0.569713758079409
longB112,0.569713758079409
shortB113,0.569713758079409
longB429,0.5697137580794089
shortB38,0.5697137580794089
longB374,0.5697137580794089
shortB477,0.5697137580794089
shortB349,0.5697137580794089
longB244,0.5687903970452447
longB189,0.5687903970452447
shortB540,0.5687903970452447
shortB243,0.5687903970452447
longB160,0.5687903970452447
longB35,0.5687903970452447
shortB223,0.5687903970452447
longB258,0.5687903970452446
shortB267,0.5687903970452446
longB395,0.5687903970452446
longB322,0.5687903970452446
longB416,0.5678670360110804
longB18,0.5678670360110804
shortB254,0.5678670360110804
longB351,0.5678670360110804
longB478,0.5678670360110804
shortB505,0.5678670360110804
longB292,0.5678670360110804
longB17,0.5678670360110804
shortB124,0.5678670360110804
shortB203,0.5678670360110804
shortB77,0.5678670360110802
longB314,0.5678670360110802
longB200,0.5678670360110802
longB246,0.5669436749769161
longB483,0.566943674976916
longB311,0.566943674976916
shortB23,0.566943674976916
longB125,0.566943674976916
longB431,0.5669436749769159
shortB428,0.5669436749769159
longB29,0.5669436749769159
longB377,0.5660203139427517
longB381,0.5660203139427517
longB90,0.5660203139427517
longB37,0.5660203139427517
longB120,0.5660203139427517
longB80,0.5660203139427517
longB269,0.5660203139427515
shortB123,0.5660203139427515
shortB431,0.5660203139427515
longB58,0.5660203139427515
longB515,0.5660203139427515
shortB314,0.5650969529085873
longB178,0.5650969529085873
shortB27,0.5650969529085872
longB43,0.5650969529085872
shortB412,0.5650969529085872
shortB422,0.5650969529085872
shortB160,0.5650969529085872
longB256,0.5650969529085872
shortB390,0.5650969529085872
shortB388,0.564173591874423
shortB165,0.5641735918744228
longB57,0.5641735918744228
shortB503,0.5641735918744228
longB248,0.5641735918744228
longB34,0.5641735918744228
shortB199,0.5641735918744228
longB417,0.5632502308402586
longB53,0.5632502308402586
longB396,0.5632502308402586
longB329,0.5632502308402586
shortB41,0.5632502308402586
shortB445,0.5632502308402585
longB19,0.5632502308402585
longB486,0.5632502308402585
longB230,0.5632502308402585
longB343,0.5632502308402585
longB221,0.5632502308402585
longB78,0.5632502308402585
shortB130,0.5632502308402585
longB187,0.5632502308402585
longB22,0.5623268698060943
longB33,0.5623268698060941
longB59,0.5623268698060941
longB362,0.5623268698060941
shortB170,0.5623268698060941
longA514,0.5623268698060941
shortB257,0.5614035087719299
longB117,0.5614035087719298
longB215,0.5614035087719298
longB347,0.5614035087719298
shortB530,0.5614035087719298
longB42,0.5614035087719298
longB487,0.5604801477377656
longB484,0.5604801477377656
shortB366,0.5604801477377654
shortB367,0.5604801477377654
shortB89,0.5604801477377654
shortB105,0.5604801477377654
longB114,0.5604801477377654
shortB350,0.5604801477377654
shortB436,0.5604801477377654
shortB229,0.5604801477377654
longB285,0.5604801477377654
longB28,0.5604801477377654
shortB198,0.5604801477377654
shortB32,0.5595567867036011
longB205,0.5595567867036011
shortB355,0.5595567867036011
shortB394,0.5595567867036011
shortB3,0.5586334256694367
shortB440,0.5586334256694367
longB9,0.5586334256694367
longB163,0.5586334256694367
shortB226,0.5586334256694367
longB216,0.5577100646352724
shortB449,0.5577100646352724
longB211,0.5577100646352724
shortB281,0.5577100646352724
longB13,0.5577100646352724
longB534,0.5577100646352724
shortB438,0.5577100646352724
shortB92,0.5577100646352724
shortB280,0.556786703601108
shortB450,0.556786703601108
longB284,0.556786703601108
shortB328,0.556786703601108
longB152,0.556786703601108
shortB380,0.5567867036011079
longB422,0.5558633425669437
longB83,0.5558633425669437
shortB430,0.5558633425669437
shortB472,0.5558633425669437
shortB268,0.5558633425669437
shortB337,0.5558633425669437
shortB379,0.5558633425669437
longB12,0.5549399815327793
shortB7,0.5549399815327793
shortB351,0.5549399815327793
shortB315,0.554016620498615
shortB269,0.554016620498615
longB288,0.554016620498615
longB121,0.554016620498615
shortB228,0.5540166204986149
shortB527,0.5530932594644506
shortB482,0.5530932594644506
shortB539,0.5530932594644505
shortB120,0.5530932594644505
longB209,0.5521698984302863
shortB152,0.5521698984302863
shortB242,0.5521698984302863
longB376,0.5521698984302863
longB5,0.551246537396122
shortB433,0.5512465373961218
shortB401,0.5512465373961218
longB93,0.5512465373961218
shortB6,0.5512465373961217
longB373,0.5503231763619576
shortB204,0.5503231763619576
shortB102,0.5503231763619576
shortB347,0.5503231763619575
shortB96,0.5503231763619575
shortB202,0.5503231763619575
shortB442,0.5503231763619575
shortB101,0.5493998153277933
shortB413,0.5493998153277933
shortB510,0.5493998153277933
shortB135,0.5493998153277931
shortB464,0.5493998153277931
shortB437,0.5493998153277931
shortB493,0.5484764542936289
shortB326,0.5484764542936289
shortB516,0.5484764542936288
shortB283,0.5484764542936288
shortB259,0.5484764542936288
shortB57,0.5484764542936288
shortB476,0.5475530932594644
shortB48,0.5466297322253001
shortB324,0.5466297322253001
shortB63,0.5466297322253001
shortB345,0.5457063711911357
shortB159,0.5457063711911357
shortB173,0.5447830101569714
shortB82,0.5447830101569714
shortB150,0.5447830101569713
shortB523,0.543859649122807
shortB236,0.543859649122807
shortB356,0.543859649122807
shortB222,0.5438596491228069
shortB292,0.5438596491228069
shortB81,0.5429362880886427
shortB408,0.5429362880886427
shortB132,0.5429362880886426
shortB392,0.5420129270544783
shortB403,0.5420129270544782
shortB179,0.5420129270544782
shortB287,0.5420129270544782
shortB75,0.541089566020314
shortB461,0.541089566020314
shortB161,0.541089566020314
shortB176,0.5410895660203139
shortB155,0.5410895660203139
shortB457,0.5401662049861496
shortB497,0.5401662049861496
shortB195,0.5401662049861495
shortB286,0.5401662049861495
shortB261,0.5401662049861495
shortB264,0.5401662049861495
shortB322,0.5392428439519852
shortB149,0.5392428439519852
shortB167,0.5392428439519852
shortB175,0.5392428439519852
shortB327,0.5392428439519852
shortB512,0.538319482917821
shortB467,0.5383194829178208
shortB140,0.5383194829178208
shortB177,0.5383194829178208
shortB469,0.5383194829178208
shortB262,0.5373961218836565
shortB358,0.5373961218836565
shortB15,0.5373961218836565
shortB157,0.5373961218836565
shortB76,0.5355493998153278
shortB190,0.5355493998153278
shortB115,0.5355493998153278
shortB407,0.5355493998153278
shortB466,0.5346260387811634
shortB362,0.5346260387811634
shortB296,0.5337026777469991
shortB291,0.5337026777469991
shortB227,0.533702677746999
shortB369,0.5327793167128347
shortB2,0.5327793167128347
shortB501,0.5327793167128347
shortB16,0.5327793167128347
shortB156,0.5318559556786704
shortB293,0.5318559556786704
shortB206,0.5318559556786703
shortB316,0.5318559556786703
shortB142,0.530932594644506
longB45,0.530932594644506
shortB298,0.530932594644506
shortB217,0.5300092336103417
shortB180,0.5300092336103417
shortB271,0.5300092336103417
shortB238,0.5300092336103417
shortB424,0.5300092336103416
shortB239,0.5300092336103416
shortB10,0.5300092336103416
shortB494,0.5290858725761773
shortB196,0.5290858725761772
shortB50,0.528162511542013
shortB188,0.528162511542013
shortB414,0.5281625115420129
shortB499,0.5272391505078485
shortB189,0.5272391505078485
shortB524,0.5263157894736843
shortB91,0.5253924284395199
shortB361,0.5253924284395199
shortB404,0.5253924284395199
shortB192,0.5253924284395198
shortB325,0.5253924284395198
shortB245,0.5253924284395198
shortB71,0.5253924284395198
shortB164,0.5235457063711912
shortB249,0.5235457063711911
shortB265,0.5226223453370268
shortB260,0.5226223453370268
shortB39,0.5226223453370268
shortB346,0.5226223453370268
shortB128,0.5226223453370267
shortB533,0.5216989843028624
shortB73,0.5216989843028624
shortB504,0.5207756232686981
shortB234,0.520775623268698
shortB427,0.5198522622345337
shortB233,0.5198522622345336
shortB443,0.5189289012003693
shortB511,0.5189289012003693
shortB357,0.5180055401662049
shortB218,0.5180055401662049
shortB495,0.5170821791320406
shortB133,0.5170821791320406
longB455,0.5170821791320406
shortB247,0.5170821791320406
shortB302,0.5161588180978762
shortB453,0.5152354570637119
shortB62,0.5152354570637119
shortB344,0.5143120960295475
shortB174,0.5143120960295475
shortB313,0.5143120960295475
shortB255,0.5143120960295475
shortB393,0.5133887349953832
shortB421,0.5133887349953832
shortB518,0.5133887349953832
longB439,0.5124653739612188
shortB508,0.5124653739612188
shortB502,0.5106186518928901
shortB294,0.5106186518928901
shortB320,0.5106186518928901
shortB4,0.5096952908587258
shortB70,0.5096952908587258
shortB191,0.5096952908587258
shortB352,0.5096952908587258
shortB237,0.5087719298245614
shortB489,0.5087719298245614
shortB110,0.5087719298245614
shortB235,0.5078485687903971
shortB541,0.5078485687903971
shortB384,0.5078485687903971
shortB136,0.5078485687903971
shortB295,0.5069252077562326
shortB383,0.5060018467220684
shortB162,0.5060018467220684
shortB197,0.505078485687904
shortB87,0.505078485687904
shortB184,0.5050784856879039
shortB98,0.5050784856879039
shortB84,0.5041551246537396
shortB153,0.5041551246537396
shortB434,0.5041551246537395
shortB319,0.5032317636195753
shortB49,0.5032317636195752
shortB241,0.5032317636195752
shortB334,0.5032317636195752
shortB333,0.5032317636195752
shortB277,0.5023084025854109
shortB24,0.5023084025854109
shortB500,0.5023084025854109
shortB69,0.5023084025854108
shortB514,0.5013850415512465
shortB363,0.5013850415512465
shortB435,0.5004616805170822
shortB368,0.5004616805170821
shortB303,0.4995383194829178
shortB405,0.4995383194829178
shortB308,0.4986149584487535
shortB66,0.4986149584487535
shortB151,0.4986149584487535
shortB509,0.4986149584487535
shortB348,0.4976915974145891
shortB72,0.4976915974145891
shortB193,0.4976915974145891
shortB301,0.4967682363804248
shortB488,0.4967682363804248
shortB382,0.4967682363804248
shortB279,0.4967682363804247
shortB232,0.4967682363804247
shortB240,0.4958448753462604
shortB21,0.49584487534626037
shortB318,0.49584487534626037
shortB111,0.49584487534626037
shortB147,0.4958448753462603
shortB182,0.49492151431209597
shortB139,0.4939981532779317
shortB531,0.4939981532779316
shortB143,0.4930747922437673
shortB332,0.4930747922437673
shortB517,0.49307479224376727
shortB532,0.492151431209603
shortB297,0.4921514312096029
shortB364,0.4921514312096029
shortB353,0.4912280701754387
shortB312,0.49122807017543857
shortB529,0.4903047091412742
shortB61,0.48938134810710987
shortA462,0.4884579870729456
shortB146,0.4884579870729455
shortB144,0.4884579870729455
shortB490,0.4884579870729455
shortB468,0.4884579870729455
shortB169,0.4875346260387811
shortB465,0.4866112650046168
shortB158,0.4856879039704525
shortB359,0.4847645429362881
longB476,0.48476454293628807
shortB354,0.48476454293628807
shortB68,0.48476454293628807
shortB1,0.48384118190212366
shortB181,0.481994459833795
shortB317,0.481994459833795
shortB67,0.4810710987996306
shortB272,0.48107109879963056
shortB145,0.4801477377654663
shortB331,0.4783010156971376
shortB389,0.47830101569713757
shortB365,0.47737765466297327
shortB321,0.47645429362880887
shortB341,0.4755309325946445
shortB335,0.47460757156048017
shortB498,0.4746075715604801
shortB375,0.4736842105263158
shortB455,0.47368421052631576
shortB108,0.47368421052631576
shortB85,0.4718374884579871
shortB471,0.46999076638965837
shortB299,0.469067405355494
shortB441,0.4681440443213296
shortB26,0.4662973222530009
longA402,0.46537396121883656
shortB458,0.4626038781163435
shortB65,0.46168051708217916
shortB305,0.458910433979686
shortB474,0.4552169898430286
shortB538,0.4515235457063712
shortB94,0.4515235457063712
shortB519,0.45060018467220686
shortB185,0.44875346260387805
shortB104,0.4469067405355494
shortB138,0.445983379501385
shortB418,0.445983379501385
shortB336,0.445983379501385
shortB275,0.4441366574330563
shortB141,0.44228993536472766
shortB168,0.4422899353647276
shortB473,0.44136657433056325
shortB360,0.44136657433056325
shortB250,0.44044321329639885
shortB154,0.44044321329639885
shortB307,0.43674976915974145
shortB426,0.433056325023084
shortB496,0.43028624192059095
shortB370,0.43028624192059095
shortB330,0.42566943674976915
shortB88,0.42197599261311175
shortB323,0.4219759926131117
shortB492,0.4136657433056325
shortB109,0.41089566020313945
shortB386,0.4108956602031394
shortB309,0.40997229916897504
shortB251,0.407202216066482
shortB99,0.4035087719298246
shortB95,0.4025854108956602
shortB306,0.4007386888273315
shortB194,0.39889196675900274
shortB470,0.3970452446906741
shortB106,0.39519852262234534
shortB459,0.39519852262234534
shortB423,0.39335180055401664
shortB220,0.38688827331486614
shortB525,0.38042474607571564
shortB274,0.37303785780240073
shortB107,0.3656509695290859
shortB31,0.36472760849492153
shortB64,0.3638042474607571
shortB491,0.3610341643582641
shortB148,0.3610341643582641
shortB276,0.3471837488457987
shortB460,0.34349030470914127
shortB535,0.33887349953831947
shortB137,0.33518005540166207
shortB521,0.3296398891966759
shortB86,0.3231763619575254
shortB186,0.31855955678670356
shortB134,0.31671283471837486
shortB454,0.31301939058171746
shortB522,0.29547553093259465
shortB172,0.2954755309325946
shortB252,0.28901200369344415
shortB46,0.28808864265927975
shortB520,0.27054478301015694
shortB270,0.19944598337950137
shortB282,0.1680517082179132
shortB304,0.14496768236380425
shortB171,0.12373037857802399
shortB219,0.10710987996306556
shortB300,0.08033240997229918
shortB340,0.054478301015697145
shortB278,0.04893813481071099
shortB513,0.025854108956602027
shortB253,0.022160664819944602
shortB183,0.005540166204986155
shortB273,0.0
